rec_id,phantom,Algorithm,ideal_measurements,N. angles,p,SSIM,MSE,PSNR [dB],SNR [dB]
fbp_0,000308150214_all_slices_5,fbp,,120,,0.8655696782197952,0.00031230235,35.0542474932236,20.65774440765381
fbp_1,000308150214_all_slices_5,fbp,,130,,0.8895091350860596,0.00026208008,35.815659863993666,21.41915798187256
fbp_2,000308150214_all_slices_5,fbp,,140,,0.9074521429834366,0.00022971396,36.38812614973711,21.99162483215332
fbp_3,000308150214_all_slices_5,fbp,,150,,0.9228752241883278,0.00020451772,36.89269048291165,22.496187686920166
fbp_4,000308150214_all_slices_5,fbp,,160,,0.9357723742647172,0.00018409971,37.349468866320215,22.952966690063477
fbp_5,000308150214_all_slices_5,fbp,,170,,0.9458513412923812,0.0001683803,37.73708725119605,23.340585231781006
fbp_6,000308150214_all_slices_5,fbp,,180,,0.954108670783043,0.0001568694,38.04461767933124,23.64811658859253
fbp_7,000308150214_all_slices_5,fbp,,190,,0.9609809690485,0.00014766933,38.30709699328105,23.91059398651123
fbp_8,000308150214_all_slices_5,fbp,,200,,0.966830696316719,0.0001398465,38.543484121450945,24.146981239318848
fbp_9,000308150214_all_slices_5,fbp,,210,,0.971124509223938,0.00013388242,38.73276438882906,24.336261749267578
fbp_10,000308150214_all_slices_5,fbp,,220,,0.9742984817209244,0.00013018666,38.85433522323476,24.457833766937256
mi#2_22,000308150214_all_slices_5,mi,True,120,,0.939874357714653,0.00012538389139018572,39.0175825560841,24.62108029555019
mi#2_23,000308150214_all_slices_5,mi,True,130,,0.9548143962869644,8.948475237195534e-05,40.48250959375258,26.086007333218667
mi#2_24,000308150214_all_slices_5,mi,True,140,,0.9643894371824264,6.824200933111147e-05,41.6594819420034,27.26297968146949
mi#2_25,000308150214_all_slices_5,mi,True,150,,0.9741798546495437,4.7263472009359805e-05,43.25474377940215,28.85824151886824
mi#2_26,000308150214_all_slices_5,mi,True,160,,0.9804204182872772,3.4839758968962815e-05,44.57924858222684,30.18274632169293
mi#2_27,000308150214_all_slices_5,mi,True,170,,0.9852828714532852,2.5241516609248287e-05,45.97884554529328,31.582343284759368
mi#2_28,000308150214_all_slices_5,mi,True,180,,0.9893001116952896,1.816099701946851e-05,47.408603128541586,33.01210086800767
mi#2_29,000308150214_all_slices_5,mi,True,190,,0.9932205677757263,1.1290043202682973e-05,49.473043961927544,35.07654170139363
mi#2_30,000308150214_all_slices_5,mi,True,200,,0.9945943669710159,9.01748595498574e-06,50.44914525436208,36.052642993828165
mi#2_31,000308150214_all_slices_5,mi,True,210,,0.9968247661933899,5.24751491106681e-06,52.80046318675084,38.403960926216925
mi#2_32,000308150214_all_slices_5,mi,True,220,,0.9977950718297959,3.637247314465872e-06,54.3922716810774,39.99576942054349
irls_drs#2_143,000308150214_all_slices_5,irls_drs,True,120,0.1,0.9252666660766602,0.00018660034898921397,37.29087548349711,22.894373222963203
irls_drs#2_144,000308150214_all_slices_5,irls_drs,True,120,0.2,0.9263754845228195,0.00018317299024579143,37.371385647948316,22.9748833874144
irls_drs#2_145,000308150214_all_slices_5,irls_drs,True,120,0.3,0.9282816130495072,0.00017817099777622735,37.491629879019726,23.09512761848581
irls_drs#2_146,000308150214_all_slices_5,irls_drs,True,120,0.4,0.9312069884433747,0.0001699275033686603,37.697363233407486,23.300860972873572
irls_drs#2_147,000308150214_all_slices_5,irls_drs,True,120,0.5,0.9342424577035904,0.00016163480995548145,37.91465103069049,23.518148770156586
irls_drs#2_148,000308150214_all_slices_5,irls_drs,True,120,0.6,0.9374079389715194,0.00015353678832437045,38.137875481865876,23.741373221331973
irls_drs#2_149,000308150214_all_slices_5,irls_drs,True,120,0.7,0.9410474361143112,0.0001423063682922846,38.46775664551599,24.071254384982083
irls_drs#2_150,000308150214_all_slices_5,irls_drs,True,120,0.8,0.9458840422801972,0.0001282201091361745,38.920438577968646,24.523936317434742
irls_drs#2_151,000308150214_all_slices_5,irls_drs,True,120,0.9,0.9511230000696183,0.00011421297640761384,39.42284550537949,25.026343244845584
irls_drs#2_152,000308150214_all_slices_5,irls_drs,True,120,1,0.9573598223190307,9.754849157292968e-05,40.107794418678026,25.71129215814412
irls_drs#2_153,000308150214_all_slices_5,irls_drs,True,130,0.1,0.939845299756527,0.000146106959830512,38.35329095879572,23.95678869826181
irls_drs#2_154,000308150214_all_slices_5,irls_drs,True,130,0.2,0.9410392820305824,0.0001430603529682804,38.44480707769239,24.048304817158478
irls_drs#2_155,000308150214_all_slices_5,irls_drs,True,130,0.3,0.9435483096270562,0.00013682664543244146,38.638293204708006,24.2417909441741
irls_drs#2_156,000308150214_all_slices_5,irls_drs,True,130,0.4,0.9457340972127914,0.00013029123369158086,38.850848036845576,24.45434577631167
irls_drs#2_157,000308150214_all_slices_5,irls_drs,True,130,0.5,0.9486515756473541,0.00012188828662110053,39.14038027771642,24.74387801718251
irls_drs#2_158,000308150214_all_slices_5,irls_drs,True,130,0.6,0.952721364443779,0.00011168746372322424,39.51995571211779,25.123453451583877
irls_drs#2_159,000308150214_all_slices_5,irls_drs,True,130,0.7,0.9569053800144196,0.00010024974048912355,39.989167429400744,25.592665168866837
irls_drs#2_160,000308150214_all_slices_5,irls_drs,True,130,0.8,0.9610796264276504,8.911715098246107e-05,40.50038706061435,26.103884800080444
irls_drs#2_161,000308150214_all_slices_5,irls_drs,True,130,0.9,0.9659731582593918,7.691506748090433e-05,41.13988574596215,26.74338348542824
irls_drs#2_162,000308150214_all_slices_5,irls_drs,True,130,1,0.9694080750169755,6.777241135725264e-05,41.68947061792201,27.292968357388105
irls_drs#2_163,000308150214_all_slices_5,irls_drs,True,140,0.1,0.952098409655571,0.0001155142210468219,39.3736454614437,24.977143200909794
irls_drs#2_164,000308150214_all_slices_5,irls_drs,True,140,0.2,0.9534659611034393,0.00011221182073072931,39.499613907828895,25.10311164729499
irls_drs#2_165,000308150214_all_slices_5,irls_drs,True,140,0.3,0.9551506416950226,0.00010816470079695739,39.65914446718485,25.262642206650945
irls_drs#2_166,000308150214_all_slices_5,irls_drs,True,140,0.4,0.9573648072633744,0.00010205558053051237,39.911632425173,25.515130164639093
irls_drs#2_167,000308150214_all_slices_5,irls_drs,True,140,0.5,0.9597404884748458,9.560189482485063e-05,40.195334999433385,25.798832738899474
irls_drs#2_168,000308150214_all_slices_5,irls_drs,True,140,0.6,0.9622969698076248,8.804859694746502e-05,40.55277560114974,26.156273340615826
irls_drs#2_169,000308150214_all_slices_5,irls_drs,True,140,0.7,0.9669062378196717,7.631834738800021e-05,41.17371042497397,26.77720816444006
irls_drs#2_170,000308150214_all_slices_5,irls_drs,True,140,0.8,0.9715516393175125,6.387415742635406e-05,41.94674815663469,27.550245896100787
irls_drs#2_171,000308150214_all_slices_5,irls_drs,True,140,0.9,0.9752294862298966,5.4948223284898596e-05,42.60046345643388,28.203961195899968
irls_drs#2_172,000308150214_all_slices_5,irls_drs,True,140,1,0.9775959435319901,4.905692247588629e-05,43.09299700191253,28.696494741378622
irls_drs#2_173,000308150214_all_slices_5,irls_drs,True,150,0.1,0.963743313364029,8.504002236982669e-05,40.70376634243332,26.30726408189941
irls_drs#2_174,000308150214_all_slices_5,irls_drs,True,150,0.2,0.9645971569337844,8.196819763629954e-05,40.86354614324327,26.467043882709355
irls_drs#2_175,000308150214_all_slices_5,irls_drs,True,150,0.3,0.9658016984920502,7.903125364868605e-05,41.022011289251516,26.62550902871761
irls_drs#2_176,000308150214_all_slices_5,irls_drs,True,150,0.4,0.9684100107736587,7.26629807072583e-05,41.386867909191736,26.99036564865782
irls_drs#2_177,000308150214_all_slices_5,irls_drs,True,150,0.5,0.970334645321846,6.805147145110635e-05,41.671624797745785,27.275122537211875
irls_drs#2_178,000308150214_all_slices_5,irls_drs,True,150,0.6,0.9723780309143066,6.275526043217609e-05,42.02349863776614,27.626996377232224
irls_drs#2_179,000308150214_all_slices_5,irls_drs,True,150,0.7,0.9750945714569091,5.624204870273795e-05,42.4993886785863,28.102886418052385
irls_drs#2_180,000308150214_all_slices_5,irls_drs,True,150,0.8,0.9786903116130828,4.6631694817628964e-05,43.31318799931136,28.916685738777453
irls_drs#2_181,000308150214_all_slices_5,irls_drs,True,150,0.9,0.9813199976253509,3.99721286477016e-05,43.98242723510347,29.58592497456957
irls_drs#2_182,000308150214_all_slices_5,irls_drs,True,150,1,0.9839662103433608,3.349429754150713e-05,44.750291260098045,30.353788999564138
irls_drs#2_183,000308150214_all_slices_5,irls_drs,True,160,0.1,0.9712086739931106,6.740574776181865e-05,41.71303069120313,27.31652843066922
irls_drs#2_184,000308150214_all_slices_5,irls_drs,True,160,0.2,0.9727403069524765,6.285681397690123e-05,42.016476358433756,27.619974097899846
irls_drs#2_185,000308150214_all_slices_5,irls_drs,True,160,0.3,0.9740605168151856,5.9269953160338544e-05,42.27165415973645,27.875151899202542
irls_drs#2_186,000308150214_all_slices_5,irls_drs,True,160,0.4,0.975278335600853,5.660042726982635e-05,42.4718029036248,28.07530064309089
irls_drs#2_187,000308150214_all_slices_5,irls_drs,True,160,0.5,0.9773290008039475,5.137924573475928e-05,42.89212275617287,28.49562049563895
irls_drs#2_188,000308150214_all_slices_5,irls_drs,True,160,0.6,0.9792413293533325,4.696638130072651e-05,43.28212900358985,28.885626743055944
irls_drs#2_189,000308150214_all_slices_5,irls_drs,True,160,0.7,0.9828880037136077,3.739995104388601e-05,44.27128966285725,29.874787402323342
irls_drs#2_190,000308150214_all_slices_5,irls_drs,True,160,0.8,0.9854367351665497,3.1216409263159014e-05,45.0561705408851,30.659668280351188
irls_drs#2_191,000308150214_all_slices_5,irls_drs,True,160,0.9,0.9871266445446014,2.7276773962165994e-05,45.642069952060986,31.245567691527075
irls_drs#2_192,000308150214_all_slices_5,irls_drs,True,160,1,0.9886185389671326,2.3764909959301003e-05,46.24063826824842,31.844136007714514
irls_drs#2_193,000308150214_all_slices_5,irls_drs,True,170,0.1,0.9792354804220199,4.8136696322537615e-05,43.175237191736954,28.778734931203047
irls_drs#2_194,000308150214_all_slices_5,irls_drs,True,170,0.2,0.9806049314985276,4.5482540700106565e-05,43.42155283183577,29.025050571301854
irls_drs#2_195,000308150214_all_slices_5,irls_drs,True,170,0.3,0.981515844209671,4.336104925227474e-05,43.6290021726857,29.232499912151795
irls_drs#2_196,000308150214_all_slices_5,irls_drs,True,170,0.4,0.9823529700889587,4.098449043148587e-05,43.87380460215511,29.477302341621204
irls_drs#2_197,000308150214_all_slices_5,irls_drs,True,170,0.5,0.9842465985498429,3.6242726402701515e-05,44.407791394413785,30.011289133879878
irls_drs#2_198,000308150214_all_slices_5,irls_drs,True,170,0.6,0.9858328570404052,3.253659642840757e-05,44.87627879477573,30.47977653424182
irls_drs#2_199,000308150214_all_slices_5,irls_drs,True,170,0.7,0.9878444358606339,2.7620642998901427e-05,45.58766215416174,31.191159893627834
irls_drs#2_200,000308150214_all_slices_5,irls_drs,True,170,0.8,0.9901482232198715,2.1248306469086268e-05,46.726756783402585,32.33025452286868
irls_drs#2_201,000308150214_all_slices_5,irls_drs,True,170,0.9,0.9911505119333267,1.8728434156942555e-05,47.27498531510335,32.87848305456944
irls_drs#2_202,000308150214_all_slices_5,irls_drs,True,170,1,0.9920031312780381,1.6452807214668922e-05,47.83759991098408,33.441097650450175
irls_drs#2_203,000308150214_all_slices_5,irls_drs,True,180,0.1,0.9850577606115342,3.391925962687582e-05,44.69553635880877,30.299034098274863
irls_drs#2_204,000308150214_all_slices_5,irls_drs,True,180,0.2,0.986086702325821,3.174975973468632e-05,44.98259556869478,30.586093308160866
irls_drs#2_205,000308150214_all_slices_5,irls_drs,True,180,0.3,0.9874461092882156,2.803188200349436e-05,45.52347743613438,31.12697517560047
irls_drs#2_206,000308150214_all_slices_5,irls_drs,True,180,0.4,0.9881467763719559,2.6422027584288896e-05,45.78033858376273,31.38383632322882
irls_drs#2_207,000308150214_all_slices_5,irls_drs,True,180,0.5,0.9892549170122147,2.38700166969779e-05,46.221472772059464,31.824970511525557
irls_drs#2_208,000308150214_all_slices_5,irls_drs,True,180,0.6,0.9903538665599823,2.144304723671804e-05,46.687134977080795,32.29063271654689
irls_drs#2_209,000308150214_all_slices_5,irls_drs,True,180,0.7,0.9912561596956253,1.92696563434645e-05,47.151260305167256,32.75475804463335
irls_drs#2_210,000308150214_all_slices_5,irls_drs,True,180,0.8,0.9927268651914597,1.5695032790409834e-05,48.042377726253484,33.64587546571958
irls_drs#2_211,000308150214_all_slices_5,irls_drs,True,180,0.9,0.9938138250341415,1.305073905063659e-05,48.84364893955956,34.44714667902565
irls_drs#2_212,000308150214_all_slices_5,irls_drs,True,180,1,0.9946307810325623,1.1050268618789666e-05,49.5662716467207,35.169769386186786
irls_drs#2_213,000308150214_all_slices_5,irls_drs,True,190,0.1,0.9900229634742737,2.1724067382889474e-05,46.63058858799144,32.23408632745753
irls_drs#2_214,000308150214_all_slices_5,irls_drs,True,190,0.2,0.9905387181768417,2.040567905403156e-05,46.90248948329484,32.505987222760936
irls_drs#2_215,000308150214_all_slices_5,irls_drs,True,190,0.3,0.9909522375688553,1.929063323271742e-05,47.14653516007687,32.75003289954297
irls_drs#2_216,000308150214_all_slices_5,irls_drs,True,190,0.4,0.9917034247465134,1.8061986609541723e-05,47.43234484027365,33.03584257973974
irls_drs#2_217,000308150214_all_slices_5,irls_drs,True,190,0.5,0.9929290305213928,1.512903653015315e-05,48.20188728484494,33.805385024311036
irls_drs#2_218,000308150214_all_slices_5,irls_drs,True,190,0.6,0.9937808996667862,1.300028672446884e-05,48.86047069117667,34.463968430642765
irls_drs#2_219,000308150214_all_slices_5,irls_drs,True,190,0.7,0.9949436557636261,1.0405889527758202e-05,49.827207890242306,35.43070562970839
irls_drs#2_220,000308150214_all_slices_5,irls_drs,True,190,0.8,0.9958121579828262,8.542735440625307e-06,50.684030430641315,36.28752817010741
irls_drs#2_221,000308150214_all_slices_5,irls_drs,True,190,0.9,0.9963919623308182,7.299590219104035e-06,51.367015194106514,36.970512933572614
irls_drs#2_222,000308150214_all_slices_5,irls_drs,True,190,1,0.9967897042922974,6.3766904646793725e-06,51.95404663888449,37.557544378350585
irls_drs#2_223,000308150214_all_slices_5,irls_drs,True,200,0.1,0.99345593754673,1.4061120921221166e-05,48.51980056948002,34.12329830894612
irls_drs#2_224,000308150214_all_slices_5,irls_drs,True,200,0.2,0.9936426511821747,1.3869113745345517e-05,48.579512900300614,34.1830106397667
irls_drs#2_225,000308150214_all_slices_5,irls_drs,True,200,0.3,0.9939255148906708,1.3367725885832886e-05,48.73942468522411,34.342922424690194
irls_drs#2_226,000308150214_all_slices_5,irls_drs,True,200,0.4,0.9945050638599395,1.1727820003038295e-05,49.307827081435256,34.911324820901356
irls_drs#2_227,000308150214_all_slices_5,irls_drs,True,200,0.5,0.9955124199686051,9.440708824748525e-06,50.249953968968356,35.85345170843445
irls_drs#2_228,000308150214_all_slices_5,irls_drs,True,200,0.6,0.9961161548051835,8.185342815010486e-06,50.86963126936267,36.47312900882876
irls_drs#2_229,000308150214_all_slices_5,irls_drs,True,200,0.7,0.9967422963676452,6.953252387204671e-06,51.57812006429002,37.18161780375611
irls_drs#2_230,000308150214_all_slices_5,irls_drs,True,200,0.8,0.9971192329683304,6.016438897171559e-06,52.206604896260096,37.81010263572619
irls_drs#2_231,000308150214_all_slices_5,irls_drs,True,200,0.9,0.9974015537395478,5.274141914477448e-06,52.77848188565099,38.38197962511708
irls_drs#2_232,000308150214_all_slices_5,irls_drs,True,200,1,0.9975796116867065,4.775422149330054e-06,53.20988230568025,38.81338004514634
irls_drs#2_233,000308150214_all_slices_5,irls_drs,True,210,0.1,0.9953423007297516,1.0682859739180754e-05,49.713124736466824,35.31662247593292
irls_drs#2_234,000308150214_all_slices_5,irls_drs,True,210,0.2,0.9956220414514542,1.014236277017385e-05,49.93860859744853,35.54210633691462
irls_drs#2_235,000308150214_all_slices_5,irls_drs,True,210,0.3,0.9960703806142807,9.367230993269251e-06,50.28388770058693,35.887385440053016
irls_drs#2_236,000308150214_all_slices_5,irls_drs,True,210,0.4,0.9966265179252625,7.97922886406156e-06,50.98039078106063,36.58388852052672
irls_drs#2_237,000308150214_all_slices_5,irls_drs,True,210,0.5,0.9971050574893952,6.8507245907850945e-06,51.64263491407268,37.24613265353877
irls_drs#2_238,000308150214_all_slices_5,irls_drs,True,210,0.6,0.9977639116516114,4.787591478104751e-06,53.19882914734745,38.802326886813546
irls_drs#2_239,000308150214_all_slices_5,irls_drs,True,210,0.7,0.9980966033782959,4.02237644960961e-06,53.95517286713541,39.5586706066015
irls_drs#2_240,000308150214_all_slices_5,irls_drs,True,210,0.8,0.9983832493495941,3.3879042063444197e-06,54.7006887792934,40.30418651875949
irls_drs#2_241,000308150214_all_slices_5,irls_drs,True,210,0.9,0.9986206498785019,2.81986049788958e-06,55.49772376253459,41.10122150200068
irls_drs#2_242,000308150214_all_slices_5,irls_drs,True,210,1,0.9986869205570221,2.6352047394485617e-06,55.79185637089581,41.39535411036191
irls_drs#2_243,000308150214_all_slices_5,irls_drs,True,220,0.1,0.997337028137207,5.7634098845538685e-06,52.39320492986769,37.99670266933378
irls_drs#2_244,000308150214_all_slices_5,irls_drs,True,220,0.2,0.9976391433124542,5.0842113265590885e-06,52.93776406180367,38.541261801269755
irls_drs#2_245,000308150214_all_slices_5,irls_drs,True,220,0.3,0.9979073938980103,4.5288039845711245e-06,53.44016476018602,39.043662499652115
irls_drs#2_246,000308150214_all_slices_5,irls_drs,True,220,0.4,0.9981813864879608,3.843395489694983e-06,54.15284923848225,39.75634697794833
irls_drs#2_247,000308150214_all_slices_5,irls_drs,True,220,0.5,0.9985161354484559,3.1354898967607314e-06,55.036945942788826,40.64044368225492
irls_drs#2_248,000308150214_all_slices_5,irls_drs,True,220,0.6,0.9986364387321472,2.8117200905226866e-06,55.510279159395864,41.113776898861964
irls_drs#2_249,000308150214_all_slices_5,irls_drs,True,220,0.7,0.9988215430164337,2.5223916049997634e-06,55.98187487672594,41.58537261619203
irls_drs#2_250,000308150214_all_slices_5,irls_drs,True,220,0.8,0.9989274935207367,2.2411254319912048e-06,56.49533836058787,42.09883610005396
irls_drs#2_251,000308150214_all_slices_5,irls_drs,True,220,0.9,0.9989693638763427,2.092229175289309e-06,56.79390746137325,42.397405200839344
irls_drs#2_252,000308150214_all_slices_5,irls_drs,True,220,1,0.9990510480871201,1.8465780185594756e-06,57.336323385334076,42.93982112480017
irls_cg#2_297,000308150214_all_slices_5,irls_cg,True,120,1,0.992086517736435,2.2691409921472634e-05,46.4413851856672,32.044882925133294
irls_cg#2_298,000308150214_all_slices_5,irls_cg,True,120,0.9,0.9919899963636398,2.3834975043101895e-05,46.2278529847362,31.8313507242023
irls_cg#2_299,000308150214_all_slices_5,irls_cg,True,120,0.8,0.9917804677810669,2.510247345841344e-05,46.00283483442662,31.606332573892715
irls_cg#2_300,000308150214_all_slices_5,irls_cg,True,120,0.7,0.99163442562294,2.5971701940814958e-05,45.85499589866821,31.458493638134296
irls_cg#2_301,000308150214_all_slices_5,irls_cg,True,130,1,0.9945692678279877,1.4803935141841484e-05,48.296228262790365,33.899726002256465
irls_cg#2_302,000308150214_all_slices_5,irls_cg,True,130,0.9,0.994531841753006,1.5345506048562554e-05,48.14018785272268,33.74368559218878
irls_cg#2_303,000308150214_all_slices_5,irls_cg,True,130,0.8,0.9944866365652084,1.582688628595248e-05,48.006045179765664,33.60954291923176
irls_cg#2_304,000308150214_all_slices_5,irls_cg,True,130,0.7,0.9943015741262435,1.6771343384178953e-05,47.75432149023656,33.35781922970265
irls_cg#2_305,000308150214_all_slices_5,irls_cg,True,140,1,0.9961275463161469,1.0280351103102809e-05,49.8799205270103,35.48341826647639
irls_cg#2_306,000308150214_all_slices_5,irls_cg,True,140,0.9,0.9960695682239532,1.077286905736878e-05,49.676686189074246,35.28018392854034
irls_cg#2_307,000308150214_all_slices_5,irls_cg,True,140,0.8,0.9960142056856155,1.1178331101188412e-05,49.516230307650716,35.119728047116816
irls_cg#2_308,000308150214_all_slices_5,irls_cg,True,140,0.7,0.9958972506408691,1.1699972661498185e-05,49.31815153037971,34.9216492698458
irls_cg#2_309,000308150214_all_slices_5,irls_cg,True,150,1,0.9974581435289382,6.264398347515734e-06,52.03120633672434,37.634704076190424
irls_cg#2_310,000308150214_all_slices_5,irls_cg,True,150,0.9,0.9974621669750213,6.406598636062136e-06,51.933724830634645,37.537222570100745
irls_cg#2_311,000308150214_all_slices_5,irls_cg,True,150,0.8,0.9973918546257019,6.806731843907532e-06,51.670613584016024,37.2741113234821
irls_cg#2_312,000308150214_all_slices_5,irls_cg,True,150,0.7,0.9972773447628022,7.232978123143569e-06,51.40682848467435,37.01032622414044
irls_cg#2_313,000308150214_all_slices_5,irls_cg,True,160,1,0.9981535259037018,4.409409510906635e-06,53.55619565481184,39.15969339427792
irls_cg#2_314,000308150214_all_slices_5,irls_cg,True,160,0.9,0.9981762740001678,4.508702928179365e-06,53.45948378776973,39.06298152723582
irls_cg#2_315,000308150214_all_slices_5,irls_cg,True,160,0.8,0.9981432416391373,4.678458872635092e-06,53.29897183963416,38.90246957910025
irls_cg#2_316,000308150214_all_slices_5,irls_cg,True,160,0.7,0.9980810424690246,4.914453666168616e-06,53.08524755137289,38.68874529083898
irls_cg#2_317,000308150214_all_slices_5,irls_cg,True,170,1,0.9986546265525817,3.1020039984448854e-06,55.083576467218236,40.68707420668432
irls_cg#2_318,000308150214_all_slices_5,irls_cg,True,170,0.9,0.9986926208868027,3.1127165354925825e-06,55.0686042723804,40.67210201184649
irls_cg#2_319,000308150214_all_slices_5,irls_cg,True,170,0.8,0.9986704829683304,3.2411788792743715e-06,54.892969997798815,40.49646773726491
irls_cg#2_320,000308150214_all_slices_5,irls_cg,True,170,0.7,0.9986273848438263,3.4209389795931575e-06,54.658546723984884,40.26204446345097
irls_cg#2_321,000308150214_all_slices_5,irls_cg,True,180,1,0.9990369553642273,2.213038347300633e-06,56.55011060597473,42.15360834544082
irls_cg#2_322,000308150214_all_slices_5,irls_cg,True,180,0.9,0.9990626027212143,2.215900653335202e-06,56.544497144650386,42.14799488411647
irls_cg#2_323,000308150214_all_slices_5,irls_cg,True,180,0.8,0.9990479059762954,2.299421720129235e-06,56.38381370649451,41.9873114459606
irls_cg#2_324,000308150214_all_slices_5,irls_cg,True,180,0.7,0.999010971581459,2.4338289924664865e-06,56.13709939761349,41.74059713707958
irls_cg#2_325,000308150214_all_slices_5,irls_cg,True,190,1,0.9993986105165481,1.3357465611209137e-06,58.7427593523462,44.34625709181228
irls_cg#2_326,000308150214_all_slices_5,irls_cg,True,190,0.9,0.9994341362123489,1.3068546223004446e-06,58.83772721711209,44.44122495657817
irls_cg#2_327,000308150214_all_slices_5,irls_cg,True,190,0.8,0.9994270133390427,1.361936256506249e-06,58.658432184844855,44.26192992431095
irls_cg#2_328,000308150214_all_slices_5,irls_cg,True,190,0.7,0.9993962926912308,1.4625351965996046e-06,58.3489367361839,43.95243447565
irls_cg#2_329,000308150214_all_slices_5,irls_cg,True,200,1,0.999565546951294,9.860623806577472e-07,60.06095609685077,45.66445383631685
irls_cg#2_330,000308150214_all_slices_5,irls_cg,True,200,0.9,0.9995950411911011,9.63950781069983e-07,60.15945140428512,45.762949143751214
irls_cg#2_331,000308150214_all_slices_5,irls_cg,True,200,0.8,0.9996090567970276,9.546712740649775e-07,60.20146145103222,45.804959190498316
irls_cg#2_332,000308150214_all_slices_5,irls_cg,True,200,0.7,0.9996015480041504,9.868561217974322e-07,60.057461604653604,45.660959344119696
irls_cg#2_333,000308150214_all_slices_5,irls_cg,True,210,1,0.9997615680456161,4.913196191393412e-07,63.08635893480005,48.689856674266146
irls_cg#2_334,000308150214_all_slices_5,irls_cg,True,210,0.9,0.999794610739708,4.370744152364036e-07,63.59444614802621,49.1979438874923
irls_cg#2_335,000308150214_all_slices_5,irls_cg,True,210,0.8,0.9997970211887359,4.4302805159398327e-07,63.53568774303392,49.13918548250001
irls_cg#2_336,000308150214_all_slices_5,irls_cg,True,210,0.7,0.9997900573730468,4.799820744533437e-07,63.18774981606425,48.79124755553035
irls_cg#2_337,000308150214_all_slices_5,irls_cg,True,220,1,0.9998558661670685,2.787739939995247e-07,65.54747742730737,51.15097516677346
irls_cg#2_338,000308150214_all_slices_5,irls_cg,True,220,0.9,0.9998832755222321,2.2963745694045813e-07,66.38957271257655,51.99307045204265
irls_cg#2_339,000308150214_all_slices_5,irls_cg,True,220,0.8,0.9998910722875595,2.1924683974904985e-07,66.59066657890955,52.19416431837565
irls_cg#2_340,000308150214_all_slices_5,irls_cg,True,220,0.7,0.9998833073348999,2.3426636303547796e-07,66.3029006478244,51.906398387290494
fbp_341,000324094767_all_slices_10,fbp,,120,,0.9025282664427757,0.00022356518,36.50595841604171,22.166190147399902
fbp_342,000324094767_all_slices_10,fbp,,130,,0.9220097205810547,0.00019346114,37.134062675191366,22.794294357299805
fbp_343,000324094767_all_slices_10,fbp,,140,,0.9356847851276398,0.00017059699,37.68028631518569,23.340518474578857
fbp_344,000324094767_all_slices_10,fbp,,150,,0.946765708867073,0.00015554996,38.081300904456256,23.741533756256104
fbp_345,000324094767_all_slices_10,fbp,,160,,0.9561191106977462,0.0001421892,38.47133407984595,24.13156509399414
fbp_346,000324094767_all_slices_10,fbp,,170,,0.9627108104543686,0.00013356193,38.743173111487216,24.40340518951416
fbp_347,000324094767_all_slices_10,fbp,,180,,0.9679405500926972,0.0001262587,38.98738676478016,24.64761734008789
fbp_348,000324094767_all_slices_10,fbp,,190,,0.9715179558629989,0.00012117513,39.16586507090976,24.82609748840332
fbp_349,000324094767_all_slices_10,fbp,,200,,0.9741582522668838,0.00011796577,39.28243992486619,24.94267225265503
fbp_350,000324094767_all_slices_10,fbp,,210,,0.9759368981733322,0.000115672796,39.36768767434755,25.027918815612793
fbp_351,000324094767_all_slices_10,fbp,,220,,0.9774728203773498,0.000113547045,39.44824164538469,25.108473300933838
mi#2_363,000324094767_all_slices_10,mi,True,120,,0.9462623362665177,0.0001114292840691648,39.53000659805554,25.190238248728576
mi#2_364,000324094767_all_slices_10,mi,True,130,,0.9568680126476288,8.502391317481374e-05,40.704589107648125,26.36482075832116
mi#2_365,000324094767_all_slices_10,mi,True,140,,0.9669529838514328,6.313424038662041e-05,41.99735040473619,27.65758205540922
mi#2_366,000324094767_all_slices_10,mi,True,150,,0.9745349957466125,4.689224688115108e-05,43.28898957179967,28.9492212224727
mi#2_367,000324094767_all_slices_10,mi,True,160,,0.9799778757572174,3.6752439052123586e-05,44.347138339477105,30.007369990150142
mi#2_368,000324094767_all_slices_10,mi,True,170,,0.9850808952255249,2.6657502496824843e-05,45.74180541443377,31.402037065106807
mi#2_369,000324094767_all_slices_10,mi,True,180,,0.9888430221853256,1.9798432007617934e-05,47.0336920354676,32.693923686140636
mi#2_370,000324094767_all_slices_10,mi,True,190,,0.9922272845916748,1.3463259271619612e-05,48.708497906075145,34.36872955674818
mi#2_371,000324094767_all_slices_10,mi,True,200,,0.9943141075458527,9.809407595579266e-06,50.083572195048134,35.743803845721175
mi#2_372,000324094767_all_slices_10,mi,True,210,,0.9965246304807663,5.960026798015202e-06,52.24751787540978,37.90774952608281
mi#2_373,000324094767_all_slices_10,mi,True,220,,0.9977444786691666,3.8533047775762084e-06,54.141666390573924,39.80189804124696
irls_drs#2_484,000324094767_all_slices_10,irls_drs,True,120,0.1,0.9442835124616623,0.0001348058483339891,38.70291266227373,24.363144312946766
irls_drs#2_485,000324094767_all_slices_10,irls_drs,True,120,0.2,0.9453296264209747,0.00013207200043732293,38.79189244039181,24.45212409106485
irls_drs#2_486,000324094767_all_slices_10,irls_drs,True,120,0.3,0.9464224665307999,0.00012886835496371863,38.89853715322339,24.55876880389642
irls_drs#2_487,000324094767_all_slices_10,irls_drs,True,120,0.4,0.948695348985672,0.00012301862009394846,39.10029148788005,24.760523138553086
irls_drs#2_488,000324094767_all_slices_10,irls_drs,True,120,0.5,0.9504683107204437,0.00011796343563567847,39.28252587291071,24.942757523583744
irls_drs#2_489,000324094767_all_slices_10,irls_drs,True,120,0.6,0.9527155144548416,0.00011185019947416888,39.51363237043851,25.173864021111537
irls_drs#2_490,000324094767_all_slices_10,irls_drs,True,120,0.7,0.9556184238109589,0.0001042934113992578,39.81743126696444,25.477662917637474
irls_drs#2_491,000324094767_all_slices_10,irls_drs,True,120,0.8,0.9582675807542801,9.673622163544352e-05,40.14410879475194,25.80434044542498
irls_drs#2_492,000324094767_all_slices_10,irls_drs,True,120,0.9,0.9619694385585785,8.755276341407176e-05,40.577301417959255,26.237533068632292
irls_drs#2_493,000324094767_all_slices_10,irls_drs,True,120,1,0.9655057011899948,7.85410731355518e-05,41.0490316909992,26.709263341672237
irls_drs#2_494,000324094767_all_slices_10,irls_drs,True,130,0.1,0.9576087408943176,0.00010028858480422056,39.98748497075986,25.647716621432895
irls_drs#2_495,000324094767_all_slices_10,irls_drs,True,130,0.2,0.9584286447620392,9.860297840558945e-05,40.061099665438164,25.721331316111193
irls_drs#2_496,000324094767_all_slices_10,irls_drs,True,130,0.3,0.9598185055866242,9.56176362695718e-05,40.19461996550814,25.85485161618118
irls_drs#2_497,000324094767_all_slices_10,irls_drs,True,130,0.4,0.9612526094446182,9.177382540166994e-05,40.37281165253152,26.033043303204554
irls_drs#2_498,000324094767_all_slices_10,irls_drs,True,130,0.5,0.9632845311422348,8.570161279255838e-05,40.6701100514427,26.330341702115735
irls_drs#2_499,000324094767_all_slices_10,irls_drs,True,130,0.6,0.965256909277916,8.087625678959426e-05,40.92178957481886,26.582021225491893
irls_drs#2_500,000324094767_all_slices_10,irls_drs,True,130,0.7,0.9676638979797363,7.457988270867612e-05,41.27378303986441,26.934014690537445
irls_drs#2_501,000324094767_all_slices_10,irls_drs,True,130,0.8,0.9706477822122573,6.666261910356834e-05,41.76117627370927,27.421407924382297
irls_drs#2_502,000324094767_all_slices_10,irls_drs,True,130,0.9,0.9732640623197556,5.9973863018624144e-05,42.22037976614289,27.880611416815924
irls_drs#2_503,000324094767_all_slices_10,irls_drs,True,130,1,0.9757073930692672,5.349937134751957e-05,42.71651321191993,28.376744862592965
irls_drs#2_504,000324094767_all_slices_10,irls_drs,True,140,0.1,0.9683160591020584,7.435103477497381e-05,41.28712982838948,26.947361479062515
irls_drs#2_505,000324094767_all_slices_10,irls_drs,True,140,0.2,0.9694650981884003,7.149373107594237e-05,41.45732037618303,27.117552026856067
irls_drs#2_506,000324094767_all_slices_10,irls_drs,True,140,0.3,0.9705781539754867,6.857313051732172e-05,41.63846023564169,27.298691886314717
irls_drs#2_507,000324094767_all_slices_10,irls_drs,True,140,0.4,0.9717949555540085,6.56450605965192e-05,41.82797946442419,27.48821111509722
irls_drs#2_508,000324094767_all_slices_10,irls_drs,True,140,0.5,0.9733265363121033,6.157936014417356e-05,42.10564828055398,27.76587993122702
irls_drs#2_509,000324094767_all_slices_10,irls_drs,True,140,0.6,0.975027168340683,5.7650770837760245e-05,42.391948814595224,28.052180465268265
irls_drs#2_510,000324094767_all_slices_10,irls_drs,True,140,0.7,0.976782393286705,5.288486949535125e-05,42.76668563023259,28.426917280905627
irls_drs#2_511,000324094767_all_slices_10,irls_drs,True,140,0.8,0.9786737986364364,4.7780212305680936e-05,43.20751924846064,28.86775089913368
irls_drs#2_512,000324094767_all_slices_10,irls_drs,True,140,0.9,0.9808059222993851,4.261199256646385e-05,43.704681574121416,29.36491322479445
irls_drs#2_513,000324094767_all_slices_10,irls_drs,True,140,1,0.9823930812149048,3.8102563019946815e-05,44.19045809941656,29.850689750089593
irls_drs#2_514,000324094767_all_slices_10,irls_drs,True,150,0.1,0.9762939081287384,5.535388053906918e-05,42.56851927854274,28.228750929215774
irls_drs#2_515,000324094767_all_slices_10,irls_drs,True,150,0.2,0.9773950511112213,5.262519034229258e-05,42.78806320335224,28.44829485402527
irls_drs#2_516,000324094767_all_slices_10,irls_drs,True,150,0.3,0.9780200970382691,5.093608157238251e-05,42.929744676359846,28.589976327032876
irls_drs#2_517,000324094767_all_slices_10,irls_drs,True,150,0.4,0.9787288843355179,4.8971038985490206e-05,43.1006068175106,28.76083846818363
irls_drs#2_518,000324094767_all_slices_10,irls_drs,True,150,0.5,0.9798507776165009,4.622829906953668e-05,43.350920857594986,29.011152508268022
irls_drs#2_519,000324094767_all_slices_10,irls_drs,True,150,0.6,0.9814278916854858,4.2143485240391955e-05,43.752695513553306,29.41292716422634
irls_drs#2_520,000324094767_all_slices_10,irls_drs,True,150,0.7,0.9831286554288864,3.781066437684418e-05,44.223856915170636,29.88408856584367
irls_drs#2_521,000324094767_all_slices_10,irls_drs,True,150,0.8,0.9851185550107956,3.307875490799829e-05,44.80450845756806,30.4647401082411
irls_drs#2_522,000324094767_all_slices_10,irls_drs,True,150,0.9,0.9867983577919006,2.8749902222449703e-05,45.41363627994273,31.07386793061576
irls_drs#2_523,000324094767_all_slices_10,irls_drs,True,150,1,0.9875915805521012,2.6340047988787323e-05,45.79383438134806,31.4540660320211
irls_drs#2_524,000324094767_all_slices_10,irls_drs,True,160,0.1,0.9817451567354202,4.199842754625124e-05,43.7676696962044,29.427901346877427
irls_drs#2_525,000324094767_all_slices_10,irls_drs,True,160,0.2,0.9826281495695114,4.0206124142766746e-05,43.95707790725476,29.617309557927797
irls_drs#2_526,000324094767_all_slices_10,irls_drs,True,160,0.3,0.9835798023395539,3.744883369564961e-05,44.26561703396585,29.925848684638883
irls_drs#2_527,000324094767_all_slices_10,irls_drs,True,160,0.4,0.9844822594976426,3.509145096432589e-05,44.54798674167827,30.20821839235131
irls_drs#2_528,000324094767_all_slices_10,irls_drs,True,160,0.5,0.9851421884717941,3.3549745361167874e-05,44.74310771729247,30.4033393679655
irls_drs#2_529,000324094767_all_slices_10,irls_drs,True,160,0.6,0.9863999607095718,3.053529848003945e-05,45.15197830454409,30.81220995521712
irls_drs#2_530,000324094767_all_slices_10,irls_drs,True,160,0.7,0.9883348313856125,2.5814337170793673e-05,45.88139021759986,31.541621868272895
irls_drs#2_531,000324094767_all_slices_10,irls_drs,True,160,0.8,0.9896818286123276,2.267180155192621e-05,46.44513968493959,32.10537133561262
irls_drs#2_532,000324094767_all_slices_10,irls_drs,True,160,0.9,0.9905393230285644,2.0578277339037727e-05,46.865909839692954,32.52614149036599
irls_drs#2_533,000324094767_all_slices_10,irls_drs,True,160,1,0.9910664351940155,1.880845443893993e-05,47.256468905856,32.91670055652904
irls_drs#2_534,000324094767_all_slices_10,irls_drs,True,170,0.1,0.9871234035377503,3.069825298759224e-05,45.12886339162458,30.789095042297618
irls_drs#2_535,000324094767_all_slices_10,irls_drs,True,170,0.2,0.9876120826444625,2.9294656665846175e-05,45.33211587569495,30.992347526367983
irls_drs#2_536,000324094767_all_slices_10,irls_drs,True,170,0.3,0.9881516489677429,2.812038605933356e-05,45.50978721266462,31.170018863337653
irls_drs#2_537,000324094767_all_slices_10,irls_drs,True,170,0.4,0.989118449716568,2.5638345125269737e-05,45.91110010594644,31.571331756619475
irls_drs#2_538,000324094767_all_slices_10,irls_drs,True,170,0.5,0.9900086398992538,2.3131547816776445e-05,46.35795306019068,32.01818471086371
irls_drs#2_539,000324094767_all_slices_10,irls_drs,True,170,0.6,0.9910245527839661,2.0789440432604162e-05,46.82157199956783,32.48180365024086
irls_drs#2_540,000324094767_all_slices_10,irls_drs,True,170,0.7,0.9922772327280045,1.759814788386576e-05,47.54533037080343,33.20556202147647
irls_drs#2_541,000324094767_all_slices_10,irls_drs,True,170,0.8,0.9930154972429276,1.5731300300537857e-05,48.03235378456876,33.692585435241796
irls_drs#2_542,000324094767_all_slices_10,irls_drs,True,170,0.9,0.9936223830213546,1.4191819436967124e-05,48.47961923021626,34.1398508808893
irls_drs#2_543,000324094767_all_slices_10,irls_drs,True,170,1,0.9940229538612366,1.2613574308305576e-05,48.99161829968155,34.65184995035458
irls_drs#2_544,000324094767_all_slices_10,irls_drs,True,180,0.1,0.9906367176494598,2.175070164396378e-05,46.62526728815699,32.285498938830024
irls_drs#2_545,000324094767_all_slices_10,irls_drs,True,180,0.2,0.9907984922065735,2.133722935300016e-05,46.70861974547112,32.36885139614415
irls_drs#2_546,000324094767_all_slices_10,irls_drs,True,180,0.3,0.9913893393754959,2.0012620514356902e-05,46.986960397790725,32.64719204846376
irls_drs#2_547,000324094767_all_slices_10,irls_drs,True,180,0.4,0.991821129245758,1.8985567643840693e-05,47.2157641348851,32.875995785558125
irls_drs#2_548,000324094767_all_slices_10,irls_drs,True,180,0.5,0.9923321462364196,1.7606150941030576e-05,47.543355791708876,33.20358744238191
irls_drs#2_549,000324094767_all_slices_10,irls_drs,True,180,0.6,0.992868540102005,1.6348183098061855e-05,47.865305068772166,33.52553671944519
irls_drs#2_550,000324094767_all_slices_10,irls_drs,True,180,0.7,0.9936845257167816,1.4145578520818833e-05,48.49379286223146,34.15402451290449
irls_drs#2_551,000324094767_all_slices_10,irls_drs,True,180,0.8,0.9944922223052979,1.203422368975039e-05,49.19581920190103,34.85605085257406
irls_drs#2_552,000324094767_all_slices_10,irls_drs,True,180,0.9,0.9949639897108078,1.0745336034925657e-05,49.68779998429217,35.3480316349652
irls_drs#2_553,000324094767_all_slices_10,irls_drs,True,180,1,0.995483322766304,9.344561069404554e-06,50.29441093387607,35.954642584549106
irls_drs#2_554,000324094767_all_slices_10,irls_drs,True,190,0.1,0.99303058746624,1.5793850351325924e-05,48.01511981297077,33.67535146364381
irls_drs#2_555,000324094767_all_slices_10,irls_drs,True,190,0.2,0.9933915491256714,1.513057749852485e-05,48.20144495662453,33.861676607297554
irls_drs#2_556,000324094767_all_slices_10,irls_drs,True,190,0.3,0.9938524817094803,1.42176046369835e-05,48.47173566796751,34.13196731864054
irls_drs#2_557,000324094767_all_slices_10,irls_drs,True,190,0.4,0.9942057007226944,1.3361811140111265e-05,48.74134670988782,34.40157836056086
irls_drs#2_558,000324094767_all_slices_10,irls_drs,True,190,0.5,0.9946710299215317,1.1997495578741602e-05,49.2090940143959,34.869325665068935
irls_drs#2_559,000324094767_all_slices_10,irls_drs,True,190,0.6,0.9953571235961914,1.0479439824349322e-05,49.79661931827114,35.456850968944174
irls_drs#2_560,000324094767_all_slices_10,irls_drs,True,190,0.7,0.9957922249956132,9.424742224062872e-06,50.25730519339467,35.9175368440677
irls_drs#2_561,000324094767_all_slices_10,irls_drs,True,190,0.8,0.9963557735748291,7.877918339556927e-06,51.03588525286667,36.6961169035397
irls_drs#2_562,000324094767_all_slices_10,irls_drs,True,190,0.9,0.9967533818721771,6.81701542200152e-06,51.66405723504465,37.324288885717685
irls_drs#2_563,000324094767_all_slices_10,irls_drs,True,190,1,0.9969467124862671,6.157819546468162e-06,52.10573042149517,37.7659620721682
irls_drs#2_564,000324094767_all_slices_10,irls_drs,True,200,0.1,0.9954363544178009,1.0800705049970279e-05,49.66547893650339,35.325710587176424
irls_drs#2_565,000324094767_all_slices_10,irls_drs,True,200,0.2,0.9957682356252671,9.903323897558263e-06,50.04219016706674,35.70242181773978
irls_drs#2_566,000324094767_all_slices_10,irls_drs,True,200,0.3,0.9960816014480591,9.10204152527974e-06,50.40861187489402,36.06884352556706
irls_drs#2_567,000324094767_all_slices_10,irls_drs,True,200,0.4,0.9962726740894318,8.660349976501618e-06,50.624645571983244,36.28487722265628
irls_drs#2_568,000324094767_all_slices_10,irls_drs,True,200,0.5,0.9965347136049271,7.887414482690665e-06,51.0306533645106,36.69088501518363
irls_drs#2_569,000324094767_all_slices_10,irls_drs,True,200,0.6,0.9972217520828247,6.372270697243352e-06,51.9570578343243,37.61728948499734
irls_drs#2_570,000324094767_all_slices_10,irls_drs,True,200,0.7,0.9975854243383407,5.265356377608142e-06,52.785722289246884,38.44595393991992
irls_drs#2_571,000324094767_all_slices_10,irls_drs,True,200,0.8,0.9977754568290711,4.692135477558572e-06,53.286294568492,38.94652621916504
irls_drs#2_572,000324094767_all_slices_10,irls_drs,True,200,0.9,0.9980363692674636,4.102693214590281e-06,53.86930956879513,39.52954121946816
irls_drs#2_573,000324094767_all_slices_10,irls_drs,True,200,1,0.9981578066520691,3.7433219508070484e-06,54.26742819039471,39.92765984106774
irls_drs#2_574,000324094767_all_slices_10,irls_drs,True,210,0.1,0.9973413311338425,6.1094268037871725e-06,52.13999534050359,37.80022699117662
irls_drs#2_575,000324094767_all_slices_10,irls_drs,True,210,0.2,0.9974242652711869,5.898467024079055e-06,52.292608442035764,37.9528400927088
irls_drs#2_576,000324094767_all_slices_10,irls_drs,True,210,0.3,0.9975435562114715,5.617980691370246e-06,52.50419757773416,38.1644292284072
irls_drs#2_577,000324094767_all_slices_10,irls_drs,True,210,0.4,0.9976623468179703,5.38677703908454e-06,52.68670999709134,38.34694164776438
irls_drs#2_578,000324094767_all_slices_10,irls_drs,True,210,0.5,0.9979114917478561,4.7655893480141485e-06,53.21883383637734,38.879065487050376
irls_drs#2_579,000324094767_all_slices_10,irls_drs,True,210,0.6,0.9984105244750977,3.228498646033867e-06,54.90999391392304,40.57022556459607
irls_drs#2_580,000324094767_all_slices_10,irls_drs,True,210,0.7,0.9985731897382736,2.861895064634448e-06,55.433462942959146,41.09369459363218
irls_drs#2_581,000324094767_all_slices_10,irls_drs,True,210,0.8,0.998752295372963,2.5314949891777953e-06,55.966229279155314,41.62646092982834
irls_drs#2_582,000324094767_all_slices_10,irls_drs,True,210,0.9,0.998944304637909,2.1213024689973487e-06,56.733974025579656,42.39420567625268
irls_drs#2_583,000324094767_all_slices_10,irls_drs,True,210,1,0.9989579715890884,2.041616751097967e-06,56.90025779636259,42.56048944703562
irls_drs#2_584,000324094767_all_slices_10,irls_drs,True,220,0.1,0.9985256589622498,3.3209868100073902e-06,54.78732849289415,40.44756014356718
irls_drs#2_585,000324094767_all_slices_10,irls_drs,True,220,0.2,0.9986123401069641,3.0848523848682257e-06,55.1076561282069,40.767887778879924
irls_drs#2_586,000324094767_all_slices_10,irls_drs,True,220,0.3,0.9987628370056152,2.73449950446287e-06,55.631221509907725,41.29145316058076
irls_drs#2_587,000324094767_all_slices_10,irls_drs,True,220,0.4,0.9988621258659363,2.5277220395817485e-06,55.97270684864685,41.63293849931989
irls_drs#2_588,000324094767_all_slices_10,irls_drs,True,220,0.5,0.9990596018819808,2.001400111931966e-06,56.98666080262491,42.64689245329795
irls_drs#2_589,000324094767_all_slices_10,irls_drs,True,220,0.6,0.9992216906433106,1.6557353462794099e-06,57.81009079891615,43.47032244958918
irls_drs#2_590,000324094767_all_slices_10,irls_drs,True,220,0.7,0.9992971648960114,1.4470507777295081e-06,58.395162290048,44.05539394072103
irls_drs#2_591,000324094767_all_slices_10,irls_drs,True,220,0.8,0.9993683905591965,1.2850246164573187e-06,58.910885527302135,44.57111717797517
irls_drs#2_592,000324094767_all_slices_10,irls_drs,True,220,0.9,0.9994109702434539,1.1846535767181088e-06,59.2640863000432,44.92431795071624
irls_drs#2_593,000324094767_all_slices_10,irls_drs,True,220,1,0.9994010947303772,1.1630693654815519e-06,59.343943831670586,45.00417548234361
irls_cg#2_638,000324094767_all_slices_10,irls_cg,True,120,1,0.9924962499713897,2.103502511799251e-05,46.77056965054209,32.43080130121513
irls_cg#2_639,000324094767_all_slices_10,irls_cg,True,120,0.9,0.9921943432664871,2.2506739136766655e-05,46.47687422702455,32.137105877697586
irls_cg#2_640,000324094767_all_slices_10,irls_cg,True,120,0.8,0.9918803490848541,2.3970833338001313e-05,46.203168676015345,31.863400326688375
irls_cg#2_641,000324094767_all_slices_10,irls_cg,True,120,0.7,0.991507800415039,2.538451437226975e-05,45.954311406092245,31.614543056765278
irls_cg#2_642,000324094767_all_slices_10,irls_cg,True,130,1,0.9949603337831497,1.3527312846624853e-05,48.6878846591435,34.34811630981653
irls_cg#2_643,000324094767_all_slices_10,irls_cg,True,130,0.9,0.994767660399437,1.4458767405377447e-05,48.39868728608543,34.05891893675846
irls_cg#2_644,000324094767_all_slices_10,irls_cg,True,130,0.8,0.9944797900953293,1.5636719845725695e-05,48.05854344774042,33.71877509841346
irls_cg#2_645,000324094767_all_slices_10,irls_cg,True,130,0.7,0.994255088312149,1.6618185764187845e-05,47.7941639063671,33.45439555704013
irls_cg#2_646,000324094767_all_slices_10,irls_cg,True,140,1,0.996259560218811,1.0044983859736207e-05,49.980507567388415,35.64073921806145
irls_cg#2_647,000324094767_all_slices_10,irls_cg,True,140,0.9,0.9961183248853683,1.0760401911530207e-05,49.68171507043238,35.341946721105415
irls_cg#2_648,000324094767_all_slices_10,irls_cg,True,140,0.8,0.9959475858945847,1.1503725641023243e-05,49.3916148457685,35.051846496441534
irls_cg#2_649,000324094767_all_slices_10,irls_cg,True,140,0.7,0.9957818906679153,1.212533625167174e-05,49.16306208996155,34.82329374063459
irls_cg#2_650,000324094767_all_slices_10,irls_cg,True,150,1,0.9973624204587936,6.916881172511573e-06,51.60089685151996,37.261128502193
irls_cg#2_651,000324094767_all_slices_10,irls_cg,True,150,0.9,0.9972737771816254,7.37380909966616e-06,51.32308110021842,36.98331275089145
irls_cg#2_652,000324094767_all_slices_10,irls_cg,True,150,0.8,0.9971358023834228,7.953103696365505e-06,50.99463354971394,36.65486520038697
irls_cg#2_653,000324094767_all_slices_10,irls_cg,True,150,0.7,0.9969967437896728,8.454649536762857e-06,50.72904390124732,36.38927555192035
irls_cg#2_654,000324094767_all_slices_10,irls_cg,True,160,1,0.9982063044433593,4.499167057309751e-06,53.468678808684814,39.128910459357854
irls_cg#2_655,000324094767_all_slices_10,irls_cg,True,160,0.9,0.9981776076011658,4.728132219945651e-06,53.253103871204786,38.91333552187782
irls_cg#2_656,000324094767_all_slices_10,irls_cg,True,160,0.8,0.9981039992256164,5.022888650088031e-06,52.99046449391385,38.65069614458689
irls_cg#2_657,000324094767_all_slices_10,irls_cg,True,160,0.7,0.9979814315767288,5.442241556042657e-06,52.642221857962085,38.302453508635125
irls_cg#2_658,000324094767_all_slices_10,irls_cg,True,170,1,0.9987760098991394,3.0415920711359255e-06,55.168990326019895,40.82922197669292
irls_cg#2_659,000324094767_all_slices_10,irls_cg,True,170,0.9,0.9987638234891891,3.204583246875006e-06,54.94228442073718,40.60251607141021
irls_cg#2_660,000324094767_all_slices_10,irls_cg,True,170,0.8,0.9986995017538071,3.458765978506897e-06,54.610788215304,40.27101986597704
irls_cg#2_661,000324094767_all_slices_10,irls_cg,True,170,0.7,0.9986189174137116,3.716517344057746e-06,54.29863836112479,39.95887001179782
irls_cg#2_662,000324094767_all_slices_10,irls_cg,True,180,1,0.9990817392501831,2.210178680341398e-06,56.55572614663552,42.215957797308555
irls_cg#2_663,000324094767_all_slices_10,irls_cg,True,180,0.9,0.999087971116066,2.2939151006193635e-06,56.394226596757434,42.05445824743046
irls_cg#2_664,000324094767_all_slices_10,irls_cg,True,180,0.8,0.9990373452444077,2.514914089005072e-06,55.994768461183135,41.65500011185617
irls_cg#2_665,000324094767_all_slices_10,irls_cg,True,180,0.7,0.9989543302249908,2.7892344986897808e-06,55.54514971855923,41.20538136923226
irls_cg#2_666,000324094767_all_slices_10,irls_cg,True,190,1,0.9994259496650696,1.3752050155984814e-06,58.61632552374835,44.276557174421384
irls_cg#2_667,000324094767_all_slices_10,irls_cg,True,190,0.9,0.9994322841758728,1.4142135505185758e-06,58.49485005808444,44.15508170875747
irls_cg#2_668,000324094767_all_slices_10,irls_cg,True,190,0.8,0.999412666642189,1.5075566576076e-06,58.21726357049201,43.87749522116504
irls_cg#2_669,000324094767_all_slices_10,irls_cg,True,190,0.7,0.9993469407968522,1.7108739115460359e-06,57.66781996033173,43.32805161100475
irls_cg#2_670,000324094767_all_slices_10,irls_cg,True,200,1,0.999643529507637,8.430578551307606e-07,60.741426207467,46.40165785814004
irls_cg#2_671,000324094767_all_slices_10,irls_cg,True,200,0.9,0.9996525833568572,8.648808251427213e-07,60.63043731319716,46.290668963870196
irls_cg#2_672,000324094767_all_slices_10,irls_cg,True,200,0.8,0.9996404631423951,9.36723824759658e-07,60.28388433725244,45.94411598792547
irls_cg#2_673,000324094767_all_slices_10,irls_cg,True,200,0.7,0.9996283224020004,9.88228287828631e-07,60.05142718679706,45.7116588374701
irls_cg#2_674,000324094767_all_slices_10,irls_cg,True,210,1,0.999803406988144,4.4167022343810526e-07,63.5490187905818,49.20925044125484
irls_cg#2_675,000324094767_all_slices_10,irls_cg,True,210,0.9,0.9998243314723968,4.078239517594171e-07,63.89527271418401,49.55550436485704
irls_cg#2_676,000324094767_all_slices_10,irls_cg,True,210,0.8,0.999823037697792,4.221568331397069e-07,63.74526176731039,49.40549341798342
irls_cg#2_677,000324094767_all_slices_10,irls_cg,True,210,0.7,0.9998104218492508,4.6316101905031086e-07,63.342679992023264,49.00291164269631
irls_cg#2_678,000324094767_all_slices_10,irls_cg,True,220,1,0.9998896233787536,2.3589536136473725e-07,66.27280598976655,51.93303764043958
irls_cg#2_679,000324094767_all_slices_10,irls_cg,True,220,0.9,0.9999055112085342,2.1103294094330534e-07,66.75649748715087,52.416729137823914
irls_cg#2_680,000324094767_all_slices_10,irls_cg,True,220,0.8,0.9999095462112427,2.0571846778916574e-07,66.86726719005763,52.52749884073066
irls_cg#2_681,000324094767_all_slices_10,irls_cg,True,220,0.7,0.9998925094881058,2.451872784483825e-07,66.10502066955401,51.76525232022704